{"_timestamp": 1664222864.035607, "_runtime": 5865.965852022171, "_step": 312, "train_loss_step": 0.6319630742073059, "train_acc_step": 0.78125, "epoch": 9, "trainer/global_step": 14070, "val_loss": 0.7437174916267395, "val_acc": 0.7376000285148621, "train_loss_epoch": 0.591312825679779, "train_acc_epoch": 0.7921555638313293, "test_loss": 0.758429765701294, "test_acc": 0.7386999726295471, "_wandb": {"runtime": 5673}}